Designator,Val,Package,Mid X,Mid Y,Rotation,Layer
C1,0.1uf,C_0603_1608Metric,98.8743,-157.226,0.0,top
C2,0.1uf,C_0603_1608Metric,111.506,-157.226,0.0,top
C3,0.1 uf,C_0603_1608Metric,124.1376,-157.226,0.0,top
C4,0.1 uf,C_0603_1608Metric,136.7693,-157.226,0.0,top
J1,2x22 card edge connector,edge mounted 44 pin card edge connector (2x22 pin),117.9957,-187.96,0.0,top
J3,Micro_SD_Card,J_SD_Card-micro_socket_A,98.341855,-115.265032,90.0,top
RP1,PicoWModule,Raspberry_Pi_PicoW_SMT_THT,118.05,-136.144,90.0,top
U1,74LVC245,SOP-20_7.5x12.8mm_P1.27mm,98.674,-167.005,0.0,top
U2,74LVC245,SOP-20_7.5x12.8mm_P1.27mm,111.324,-167.005,0.0,top
U3,74LVC245,SOP-20_7.5x12.8mm_P1.27mm,123.974,-167.005,0.0,top
U4,74LVC245,SOP-20_7.5x12.8mm_P1.27mm,136.624,-167.005,0.0,top
