Comment,Designator,Footprint,LCSC
74LS245,U4,DIP-20_W7.62mm_Socket,
MicroSD SPI,J2,PinHeader_1x06_P2.54mm_Vertical,
104,C4,C_Disc_D5.0mm_W2.5mm_P5.00mm,
104,C2,C_Disc_D5.0mm_W2.5mm_P5.00mm,
104,C3,C_Disc_D5.0mm_W2.5mm_P5.00mm,
74LS245,U3,DIP-20_W7.62mm_Socket,
74LS245,U2,DIP-20_W7.62mm_Socket,
74LS245,U1,DIP-20_W7.62mm_Socket,
104,C1,C_Disc_D5.0mm_W2.5mm_P5.00mm,
2x22 card edge connector,J1,edge mounted 44 pin card edge connector (2x22 pin),
PicoWModule,RP1,Raspberry_Pi_PicoW_SMT_THT,
