Designator,Val,Package,Mid X,Mid Y,Rotation,Layer
C1,104,C_Disc_D5.0mm_W2.5mm_P5.00mm,94.234,-142.494,0.0,top
C2,104,C_Disc_D5.0mm_W2.5mm_P5.00mm,123.698,-142.748,180.0,top
C3,104,C_Disc_D5.0mm_W2.5mm_P5.00mm,94.234,-158.242,180.0,top
C4,104,C_Disc_D5.0mm_W2.5mm_P5.00mm,123.19,-158.496,0.0,top
J1,2x22 card edge connector,edge mounted 44 pin card edge connector (2x22 pin),117.9007,-187.865,0.0,top
J2,MicroSD SPI,PinHeader_1x06_P2.54mm_Vertical,123.444,-119.888,0.0,top
RP1,PicoWModule,Raspberry_Pi_PicoW_SMT_THT,118.069,-119.624,90.0,top
U1,74LS245,DIP-20_W7.62mm_Socket,103.627,-150.632,90.0,top
U2,74LS245,DIP-20_W7.62mm_Socket,133.091,-150.632,90.0,top
U3,74LS245,DIP-20_W7.62mm_Socket,103.627,-166.126,90.0,top
U4,74LS245,DIP-20_W7.62mm_Socket,132.842,-166.116,90.0,top
